{
    "metadata": {
        "experiment": "grid_x_landprop_matrix",
        "seeds": [
            1,
            2,
            3
        ],
        "platform": "Linux-6.11.0-21-generic-x86_64-with-glibc2.39",
        "python_version": "3.12.3",
        "logical_cpus": 32,
        "physical_cpus": 16,
        "omp_num_threads": [
            32
        ]
    },
    "results": {
        "10x10": {
            "0.10": [
                0.04171778401359916,
                0.038150620996020734,
                0.04825423297006637
            ],
            "0.20": [
                0.042291201069019735,
                0.05158032302279025,
                0.07649365405086428
            ],
            "0.40": [
                0.12026114296168089,
                0.12515411200001836,
                0.12932992295827717
            ],
            "0.80": [
                0.3426643190905452,
                0.35979216697160155,
                0.3418231389950961
            ]
        },
        "20x20": {
            "0.10": [
                0.16516678500920534,
                0.13876423600595444,
                0.12320143799297512
            ],
            "0.20": [
                0.2796271479455754,
                0.2904818099923432,
                0.2558770119212568
            ],
            "0.40": [
                0.8166374549036846,
                0.6767134959809482,
                0.6461636360036209
            ],
            "0.80": [
                1.4111923290183768,
                1.3909311440074816,
                1.3960506269941106
            ]
        },
        "40x40": {
            "0.10": [
                0.49527156399562955,
                0.4538761639269069,
                0.440903197042644
            ],
            "0.20": [
                0.9165072330506518,
                0.921275130007416,
                0.9747503070393577
            ],
            "0.40": [
                2.696464759996161,
                2.676802832982503,
                3.108598171034828
            ],
            "0.80": [
                5.440739774028771,
                5.473831287934445,
                5.46517840703018
            ]
        }
    }
}