{
    "metadata": {
        "experiment": "grid_x_landprop_matrix",
        "seeds": [
            1,
            2,
            3
        ],
        "platform": "Linux-6.11.0-21-generic-x86_64-with-glibc2.39",
        "python_version": "3.12.3",
        "logical_cpus": 32,
        "physical_cpus": 16,
        "omp_num_threads": [
            32
        ],
        "experiment_date": "2025-04-08 16:18:28"
    },
    "results": {
        "10x10": {
            "0.10": [
                0.042483614990487695,
                0.03841869509778917,
                0.04795351100619882
            ],
            "0.20": [
                0.04171316500287503,
                0.051987400045618415,
                0.07660811801906675
            ],
            "0.40": [
                0.12210403010249138,
                0.12318940297700465,
                0.13239232497289777
            ],
            "0.80": [
                0.3428042851155624,
                0.34675715200137347,
                0.3369059630203992
            ]
        },
        "20x20": {
            "0.10": [
                0.1640806079376489,
                0.1381194139830768,
                0.12248546397313476
            ],
            "0.20": [
                0.28133131994400173,
                0.28906729398295283,
                0.25483846897259355
            ],
            "0.40": [
                0.7982333049876615,
                0.6864177000243217,
                0.6597462159115821
            ],
            "0.80": [
                1.4197876990074292,
                1.369037244003266,
                1.3826537100831047
            ]
        },
        "40x40": {
            "0.10": [
                0.502031825017184,
                0.4515773339662701,
                0.44066290103364736
            ],
            "0.20": [
                0.9228842370212078,
                0.9271006969502196,
                0.9704955940833315
            ],
            "0.40": [
                2.6865357839269564,
                2.6471924890065566,
                3.097296815016307
            ],
            "0.80": [
                5.45785332005471,
                5.469838235992938,
                5.450908928993158
            ]
        }
    }
}