{
    "metadata": {
        "experiment": "grid_x_landprop_matrix",
        "cpu_count": 32,
        "seeds": [
            1,
            2,
            3
        ]
    },
    "results": {
        "10x10": {
            "0.10": [
                0.04203041596338153,
                0.038434221991337836,
                0.048562166979536414
            ],
            "0.20": [
                0.04182348295580596,
                0.05077848397195339,
                0.0758534719934687
            ],
            "0.40": [
                0.12016036501154304,
                0.12359300896059722,
                0.13126036198809743
            ],
            "0.80": [
                0.34981942700687796,
                0.3610871450509876,
                0.3468612809665501
            ]
        },
        "20x20": {
            "0.10": [
                0.16616175090894103,
                0.13827137695625424,
                0.12433145695831627
            ],
            "0.20": [
                0.2764108049450442,
                0.2848377290647477,
                0.2536322760861367
            ],
            "0.40": [
                0.8059099989477545,
                0.6697582360357046,
                0.6591684760060161
            ],
            "0.80": [
                1.3947015800513327,
                1.381312676006928,
                1.374489230918698
            ]
        },
        "40x40": {
            "0.10": [
                0.49604253203142434,
                0.45519370993133634,
                0.43879388901405036
            ],
            "0.20": [
                0.9213598950300366,
                0.9396024190355092,
                0.9720408979337662
            ],
            "0.40": [
                2.6959690400399268,
                2.6492758850799873,
                3.1334678310668096
            ],
            "0.80": [
                5.415412710979581,
                5.530540489940904,
                5.453616201994009
            ]
        }
    }
}