{
    "metadata": {
        "experiment": "grid_x_landprop_matrix",
        "seeds": [
            1,
            2,
            3
        ],
        "platform": "Linux-6.11.0-21-generic-x86_64-with-glibc2.39",
        "python_version": "3.12.3",
        "logical_cpus": 32,
        "physical_cpus": 16,
        "omp_num_threads": [
            32
        ],
        "experiment_date": "2025-04-08 16:45:56"
    },
    "results": {
        "10x10": {
            "0.10": [
                0.041456244071014225,
                0.03774773993063718,
                0.05041911092121154
            ],
            "0.20": [
                0.04224777303170413,
                0.0516564860008657,
                0.07752660394180566
            ],
            "0.40": [
                0.11900657799560577,
                0.1254691859940067,
                0.131809810991399
            ],
            "0.80": [
                0.3379363779677078,
                0.3477131249383092,
                0.3454324669437483
            ]
        },
        "20x20": {
            "0.10": [
                0.1662953719496727,
                0.13881643500644714,
                0.12504954007454216
            ],
            "0.20": [
                0.28004966804292053,
                0.2871880430029705,
                0.25602981296833605
            ],
            "0.40": [
                0.7931334950262681,
                0.6563987859990448,
                0.651966443983838
            ],
            "0.80": [
                1.4079913479508832,
                1.3597709939349443,
                1.4013073400128633
            ]
        },
        "40x40": {
            "0.10": [
                0.48944078607019037,
                0.4532607049914077,
                0.43932194903027266
            ],
            "0.20": [
                0.9066460019676015,
                0.9158539730124176,
                0.9639730850467458
            ],
            "0.40": [
                2.720430364017375,
                2.6316105680307373,
                3.118369386997074
            ],
            "0.80": [
                5.4287340339506045,
                5.431236262083985,
                5.498597576050088
            ]
        }
    }
}