{
    "metadata": {
        "experiment": "grid_x_landprop_matrix",
        "seeds": [
            1,
            2,
            3
        ],
        "platform": "Linux-6.11.0-21-generic-x86_64-with-glibc2.39",
        "python_version": "3.12.3",
        "logical_cpus": 32,
        "physical_cpus": 16,
        "omp_num_threads": [
            32
        ],
        "experiment_date": "2025-04-09 11:49:59"
    },
    "results": {
        "10x10": {
            "0.10": [
                0.042082867003045976,
                0.03814693004824221,
                0.048427770962007344
            ],
            "0.20": [
                0.04134598805103451,
                0.05146715696901083,
                0.07609624799806625
            ],
            "0.40": [
                0.11721760302316397,
                0.12426926498301327,
                0.12854265607893467
            ],
            "0.80": [
                0.33488275995478034,
                0.35557700402569026,
                0.34045648598112166
            ]
        },
        "20x20": {
            "0.10": [
                0.1655975430039689,
                0.13764141395222396,
                0.12536904902663082
            ],
            "0.20": [
                0.2770372279919684,
                0.28728175803553313,
                0.25627469294704497
            ],
            "0.40": [
                0.8010253380052745,
                0.6651139239547774,
                0.6522343319375068
            ],
            "0.80": [
                1.4128234629752114,
                1.3753528909292072,
                1.3689753049984574
            ]
        },
        "40x40": {
            "0.10": [
                0.4949372470146045,
                0.4544866100186482,
                0.4359112910460681
            ],
            "0.20": [
                0.9089135100366548,
                0.9182255199411884,
                0.9656210880493745
            ],
            "0.40": [
                2.6800279279705137,
                2.6569848749786615,
                3.0913249880541116
            ],
            "0.80": [
                5.457010966958478,
                5.5352812689961866,
                5.518304498051293
            ]
        }
    }
}