{
    "metadata": {
        "experiment": "grid_x_landprop_matrix",
        "seeds": [
            1,
            2,
            3
        ],
        "platform": "Linux-6.11.0-21-generic-x86_64-with-glibc2.39",
        "python_version": "3.12.3",
        "logical_cpus": 32,
        "physical_cpus": 16,
        "omp_num_threads": [
            32
        ],
        "experiment_date": "2025-04-09 16:18:45"
    },
    "results": {
        "10x10": {
            "0.10": [
                0.04327069106511772,
                0.039333965978585184,
                0.04955640493426472
            ],
            "0.20": [
                0.043185641057789326,
                0.05250423005782068,
                0.07611280400305986
            ],
            "0.40": [
                0.12437792401760817,
                0.12604244297835976,
                0.13215164397843182
            ],
            "0.80": [
                0.34835943405050784,
                0.3592867299448699,
                0.346672804094851
            ]
        },
        "20x20": {
            "0.10": [
                0.172734335064888,
                0.14264935592655092,
                0.12512409291230142
            ],
            "0.20": [
                0.2834540909389034,
                0.2944834389491007,
                0.26394964393693954
            ],
            "0.40": [
                0.8100625729421154,
                0.6807891729986295,
                0.6642277509672567
            ],
            "0.80": [
                1.4084976919693872,
                1.3974682440748438,
                1.3985580570297316
            ]
        },
        "40x40": {
            "0.10": [
                0.5088985179318115,
                0.4599383299937472,
                0.44217031402513385
            ],
            "0.20": [
                0.934312195982784,
                0.9456844179658219,
                0.9821509019238874
            ],
            "0.40": [
                2.7612348269904032,
                2.6952912600245327,
                3.160821225028485
            ],
            "0.80": [
                5.506541557959281,
                5.545448070042767,
                5.586067431024276
            ]
        }
    }
}