{
    "metadata": {
        "experiment": "grid_x_landprop_matrix",
        "seeds": [
            1,
            2,
            3
        ],
        "platform": "Linux-6.11.0-21-generic-x86_64-with-glibc2.39",
        "python_version": "3.12.3",
        "logical_cpus": 32,
        "physical_cpus": 16,
        "omp_num_threads": [
            32
        ],
        "experiment_date": "2025-04-09 12:18:17"
    },
    "results": {
        "10x10": {
            "0.10": [
                0.042174464906565845,
                0.03927344107069075,
                0.050054650055244565
            ],
            "0.20": [
                0.041533058043569326,
                0.051405636011622846,
                0.07672466000076383
            ],
            "0.40": [
                0.12092867004685104,
                0.12104610097594559,
                0.12986475706566125
            ],
            "0.80": [
                0.34212696098256856,
                0.3468214670429006,
                0.3382254750467837
            ]
        },
        "20x20": {
            "0.10": [
                0.16317335597705096,
                0.13792906305752695,
                0.1266703379806131
            ],
            "0.20": [
                0.2778231599368155,
                0.28582998597994447,
                0.259250117931515
            ],
            "0.40": [
                0.7910452319774777,
                0.6599265401018783,
                0.6506098880199715
            ],
            "0.80": [
                1.3929417359177023,
                1.3695481560425833,
                1.3982017289381474
            ]
        },
        "40x40": {
            "0.10": [
                0.5001899350900203,
                0.4567132839001715,
                0.43620579899288714
            ],
            "0.20": [
                0.9242927379673347,
                0.9300364359514788,
                0.9645131590077654
            ],
            "0.40": [
                2.7061087309848517,
                2.661409822991118,
                3.0975941880606115
            ],
            "0.80": [
                5.467418772052042,
                5.428448010003194,
                5.473276801058091
            ]
        }
    }
}