{
    "metadata": {
        "experiment": "grid_x_landprop_matrix",
        "seeds": [
            1,
            2,
            3
        ],
        "platform": "Linux-6.11.0-21-generic-x86_64-with-glibc2.39",
        "python_version": "3.12.3",
        "logical_cpus": 32,
        "physical_cpus": 16,
        "omp_num_threads": [
            32
        ],
        "experiment_date": "2025-04-09 18:20:19"
    },
    "results": {
        "10x10": {
            "0.10": [
                0.04497607296798378,
                0.04396400100085884,
                0.04431875504087657
            ],
            "0.20": [
                0.04387675994075835,
                0.044494308065623045,
                0.045343806967139244
            ],
            "0.40": [
                0.0474401320097968,
                0.04774547601118684,
                0.047432772000320256
            ],
            "0.80": [
                0.05570531007833779,
                0.056446069036610425,
                0.05585633195005357
            ]
        },
        "20x20": {
            "0.10": [
                0.06002180103678256,
                0.058960648952052,
                0.05863854510243982
            ],
            "0.20": [
                0.0650499010225758,
                0.06525219301693141,
                0.06429920194204897
            ],
            "0.40": [
                0.08670244796667248,
                0.08098599105142057,
                0.0806846470804885
            ],
            "0.80": [
                0.1110516469925642,
                0.10808078199625015,
                0.10954667907208204
            ]
        },
        "40x40": {
            "0.10": [
                0.12439905502833426,
                0.11769110593013465,
                0.11730170994997025
            ],
            "0.20": [
                0.13853821204975247,
                0.13696592301130295,
                0.13855459308251739
            ],
            "0.40": [
                0.20926690101623535,
                0.20692161202896386,
                0.22447441110853106
            ],
            "0.80": [
                0.316390460007824,
                0.3176726360106841,
                0.31800061999820173
            ]
        },
        "80x80": {
            "0.10": [
                0.33830796100664884,
                0.32914505200460553,
                0.32562567002605647
            ],
            "0.20": [
                0.41984225797932595,
                0.41566871700342745,
                0.4124955600127578
            ],
            "0.40": [
                0.7366576821077615,
                0.7317169739399105,
                0.7496144960168749
            ],
            "0.80": [
                1.1313907830044627,
                1.1324487250531092,
                1.1358232450438663
            ]
        },
        "160x160": {
            "0.10": [
                1.194380639004521,
                1.1789786759763956,
                1.163669876055792
            ],
            "0.20": [
                1.5771983980666846,
                1.5420516409212723,
                1.5386216309852898
            ],
            "0.40": [
                2.8424540780251846,
                2.8395328340120614,
                2.863197206053883
            ],
            "0.80": [
                4.405248338938691,
                4.381142943981104,
                4.403160546091385
            ]
        },
        "320x320": {
            "0.10": [
                5.33621109998785,
                5.321172483032569,
                5.326466197962873
            ],
            "0.20": [
                6.8717810231028125,
                6.904741056961939,
                6.894258972955868
            ],
            "0.40": [
                12.203695549978875,
                12.136808293056674,
                12.372743609012105
            ],
            "0.80": [
                18.394991584005766,
                18.33405131509062,
                18.41674741904717
            ]
        }
    }
}