{
    "metadata": {
        "experiment": "grid_x_landprop_matrix",
        "seeds": [
            1,
            2,
            3
        ],
        "platform": "Linux-6.11.0-21-generic-x86_64-with-glibc2.39",
        "python_version": "3.12.3",
        "logical_cpus": 32,
        "physical_cpus": 16,
        "omp_num_threads": [
            32
        ],
        "experiment_date": "2025-04-09 16:24:05"
    },
    "results": {
        "10x10": {
            "0.10": [
                0.02877261396497488,
                0.02525992295704782,
                0.033381726942025125
            ],
            "0.20": [
                0.027612211066298187,
                0.03598159796092659,
                0.05457019398454577
            ],
            "0.40": [
                0.08946836902759969,
                0.09367189696058631,
                0.10375949495937675
            ],
            "0.80": [
                0.26627093099523336,
                0.2748631510185078,
                0.2714769820449874
            ]
        },
        "20x20": {
            "0.10": [
                0.10514509107451886,
                0.08432486897800118,
                0.07367313595023006
            ],
            "0.20": [
                0.19325618399307132,
                0.20283869502600282,
                0.17636778799351305
            ],
            "0.40": [
                0.6072262499947101,
                0.5071780190337449,
                0.48500908096320927
            ],
            "0.80": [
                1.0848146450007334,
                1.060588822932914,
                1.0574511570157483
            ]
        },
        "40x40": {
            "0.10": [
                0.29545145004522055,
                0.2616159380413592,
                0.24681697611231357
            ],
            "0.20": [
                0.6342213830212131,
                0.6339325099252164,
                0.6770710709970444
            ],
            "0.40": [
                2.0568078299984336,
                2.024152059922926,
                2.382000404992141
            ],
            "0.80": [
                4.263139875954948,
                4.265449231956154,
                4.272367222001776
            ]
        }
    }
}