{
    "metadata": {
        "experiment": "grid_x_landprop_matrix",
        "seeds": [
            1,
            2,
            3
        ],
        "platform": "Linux-6.11.0-21-generic-x86_64-with-glibc2.39",
        "python_version": "3.12.3",
        "logical_cpus": 32,
        "physical_cpus": 16,
        "omp_num_threads": [
            32
        ],
        "experiment_date": "2025-04-09 18:15:16"
    },
    "results": {
        "10x10": {
            "0.10": [
                0.09915800695307553,
                0.039067064062692225,
                0.038194913999177516
            ],
            "0.20": [
                0.07621851505246013,
                0.0848734580213204,
                0.3259905419545248
            ],
            "0.40": [
                0.06069989094976336,
                0.04799788002856076,
                0.18108724104240537
            ],
            "0.80": [
                0.09289800305850804,
                0.06372061802539974,
                0.09177477995399386
            ]
        },
        "20x20": {
            "0.10": [
                0.097437177086249,
                0.10440569999627769,
                0.09925118903629482
            ],
            "0.20": [
                0.1192435659468174,
                0.25613349094055593,
                0.3780063890153542
            ],
            "0.40": [
                0.1459343129536137,
                0.1384309328859672,
                0.13634505099616945
            ],
            "0.80": [
                0.21680232405196875,
                0.24028659402392805,
                0.2630696839187294
            ]
        },
        "40x40": {
            "0.10": [
                0.3292577000102028,
                0.11129324196372181,
                0.11831467400770634
            ],
            "0.20": [
                0.26794824202079326,
                0.23158629005774856,
                0.2278406349942088
            ],
            "0.40": [
                0.3527964010136202,
                0.3192249699495733,
                0.5052316499641165
            ],
            "0.80": [
                0.4839995070360601,
                0.572164574987255,
                0.5643373519415036
            ]
        },
        "80x80": {
            "0.10": [
                0.448073641047813,
                0.4079680860741064,
                0.41677385894581676
            ],
            "0.20": [
                0.5734810009598732,
                0.6841363050043583,
                0.558607473038137
            ],
            "0.40": [
                1.582263307995163,
                1.5308864789549261,
                1.6445935299852863
            ],
            "0.80": [
                2.2295197560451925,
                2.460119463969022,
                2.278669019928202
            ]
        },
        "160x160": {
            "0.10": [
                1.7651437009917572,
                1.7090923859504983,
                1.750596669036895
            ],
            "0.20": [
                2.05571390199475,
                2.3372244050260633,
                2.134108172962442
            ],
            "0.40": [
                3.3088387640891597,
                3.4104555010562763,
                3.630000918987207
            ],
            "0.80": [
                5.337955341907218,
                5.77648469095584,
                5.129143224912696
            ]
        },
        "320x320": {
            "0.10": [
                4.850368923973292,
                4.374764214968309,
                4.59988772997167
            ],
            "0.20": [
                6.075558436918072,
                6.16711794398725,
                5.88239101099316
            ],
            "0.40": [
                11.166220811079256,
                11.309289395925589,
                11.806200540973805
            ],
            "0.80": [
                17.92006961198058,
                18.370459883008152,
                18.20799772196915
            ]
        }
    }
}