{
    "metadata": {
        "experiment": "landscape_prop",
        "grid_size": 40,
        "cpu_count": 32,
        "seeds": [
            1,
            2,
            3
        ]
    },
    "results": {
        "40x40": {
            "0.10": [
                0.4964789500227198,
                0.4563358669402078,
                0.44117772101890296
            ],
            "0.20": [
                0.9206862229621038,
                0.9202921879477799,
                0.9677374900784343
            ],
            "0.40": [
                2.686990015092306,
                2.6956332799745724,
                3.0793670730199665
            ],
            "0.80": [
                5.490247870096937,
                5.445794929983094,
                5.481768707046285
            ]
        }
    }
}