{
    "metadata": {
        "experiment": "landscape_prop",
        "grid_size": 40,
        "seeds": [
            1,
            2,
            3
        ],
        "platform": "Linux-6.11.0-21-generic-x86_64-with-glibc2.39",
        "python_version": "3.12.3",
        "logical_cpus": 32,
        "physical_cpus": 16,
        "omp_num_threads": [
            32
        ],
        "experiment_date": "2025-04-08 16:43:54"
    },
    "results": {
        "40x40": {
            "0.10": [
                0.48928046494256705,
                0.455247709993273,
                0.4406726270681247
            ],
            "0.20": [
                0.9171350209508091,
                0.9206757229985669,
                0.9763253739802167
            ],
            "0.40": [
                2.6747914139414206,
                2.650690641021356,
                3.1175293039996177
            ],
            "0.80": [
                5.387503709993325,
                5.430794646032155,
                5.442294455016963
            ]
        }
    }
}