{
    "metadata": {
        "experiment": "landscape_prop",
        "grid_size": 40,
        "seeds": [
            1,
            2,
            3
        ],
        "platform": "Linux-6.11.0-21-generic-x86_64-with-glibc2.39",
        "python_version": "3.12.3",
        "logical_cpus": 32,
        "physical_cpus": 16,
        "omp_num_threads": [
            32
        ]
    },
    "results": {
        "40x40": {
            "0.10": [
                0.48821256100200117,
                0.45288613508455455,
                0.4346649539656937
            ],
            "0.20": [
                0.9152637750376016,
                0.9163350580492988,
                0.9700114249717444
            ],
            "0.40": [
                2.694114531041123,
                2.682446529972367,
                3.1553651089780033
            ],
            "0.80": [
                5.477565287961625,
                5.4673797090072185,
                5.477724998956546
            ]
        }
    }
}