{
    "metadata": {
        "experiment": "landscape_prop",
        "grid_size": 40,
        "seeds": [
            1,
            2,
            3
        ],
        "platform": "Linux-6.11.0-21-generic-x86_64-with-glibc2.39",
        "python_version": "3.12.3",
        "logical_cpus": 32,
        "physical_cpus": 16,
        "omp_num_threads": [
            32
        ],
        "experiment_date": "2025-04-09 11:47:56"
    },
    "results": {
        "40x40": {
            "0.10": [
                0.49638590798713267,
                0.45404856698587537,
                0.44046828791033477
            ],
            "0.20": [
                0.9239015410421416,
                0.9221344810212031,
                0.9731303220614791
            ],
            "0.40": [
                2.696889159968123,
                2.643026054953225,
                3.074900620034896
            ],
            "0.80": [
                5.402084248024039,
                5.445552108925767,
                5.500016349949874
            ]
        }
    }
}