{
    "metadata": {
        "experiment": "landscape_prop",
        "grid_size": 40,
        "seeds": [
            1,
            2,
            3
        ],
        "platform": "Linux-6.11.0-21-generic-x86_64-with-glibc2.39",
        "python_version": "3.12.3",
        "logical_cpus": 32,
        "physical_cpus": 16,
        "omp_num_threads": [
            32
        ],
        "experiment_date": "2025-04-08 16:16:27"
    },
    "results": {
        "40x40": {
            "0.10": [
                0.49509901797864586,
                0.45636194793041795,
                0.4397167559945956
            ],
            "0.20": [
                0.9249995249556378,
                0.9239391420269385,
                0.9701410519191995
            ],
            "0.40": [
                2.702337345923297,
                2.6554766389308497,
                3.1160435589263216
            ],
            "0.80": [
                5.450204907916486,
                5.436905718990602,
                5.424872294999659
            ]
        }
    }
}