{
    "metadata": {
        "experiment": "landscape_prop",
        "grid_size": 40,
        "seeds": [
            1,
            2,
            3
        ],
        "platform": "Linux-6.11.0-21-generic-x86_64-with-glibc2.39",
        "python_version": "3.12.3",
        "logical_cpus": 32,
        "physical_cpus": 16,
        "omp_num_threads": [
            32
        ],
        "experiment_date": "2025-04-09 18:11:41"
    },
    "results": {
        "40x40": {
            "0.10": [
                0.11389593302737921,
                0.11803759203758091,
                0.17783469089772552
            ],
            "0.20": [
                0.20844495494384319,
                0.3575775760691613,
                0.336784569080919
            ],
            "0.40": [
                0.26038765197154135,
                0.4147294940194115,
                0.2876278859330341
            ],
            "0.80": [
                0.6169470250606537,
                0.4171825828962028,
                0.634706957032904
            ]
        }
    }
}