{
    "metadata": {
        "experiment": "landscape_prop",
        "grid_size": 40,
        "seeds": [
            1,
            2,
            3
        ],
        "platform": "Linux-6.11.0-21-generic-x86_64-with-glibc2.39",
        "python_version": "3.12.3",
        "logical_cpus": 32,
        "physical_cpus": 16,
        "omp_num_threads": [
            32
        ],
        "experiment_date": "2025-04-09 16:22:28"
    },
    "results": {
        "40x40": {
            "0.10": [
                0.29695601703133434,
                0.2636361209442839,
                0.2483149420004338
            ],
            "0.20": [
                0.6242391580017284,
                0.6378471549833193,
                0.6730170040391386
            ],
            "0.40": [
                2.0378047090489417,
                2.0079896519891918,
                2.385845999000594
            ],
            "0.80": [
                4.295515550998971,
                4.274019869975746,
                4.2815354589838535
            ]
        }
    }
}