{
    "metadata": {
        "experiment": "landscape_prop",
        "grid_size": 40,
        "seeds": [
            1,
            2,
            3
        ],
        "platform": "Linux-6.11.0-21-generic-x86_64-with-glibc2.39",
        "python_version": "3.12.3",
        "logical_cpus": 32,
        "physical_cpus": 16,
        "omp_num_threads": [
            32
        ],
        "experiment_date": "2025-04-09 18:37:16"
    },
    "results": {
        "40x40": {
            "0.10": [
                0.11876938107889146,
                0.11655251390766352,
                0.11724299297202379
            ],
            "0.20": [
                0.13750354305375367,
                0.13742241298314184,
                0.13948830706067383
            ],
            "0.40": [
                0.21089591505005956,
                0.21114891790784895,
                0.2258334329817444
            ],
            "0.80": [
                0.31737463001627475,
                0.3144038040190935,
                0.3148783009964973
            ]
        }
    }
}