{
    "metadata": {
        "experiment": "landscape_prop",
        "grid_size": 160,
        "seeds": [
            1,
            2,
            3
        ],
        "platform": "Linux-6.11.0-21-generic-x86_64-with-glibc2.39",
        "python_version": "3.12.3",
        "logical_cpus": 32,
        "physical_cpus": 16,
        "omp_num_threads": [
            32
        ],
        "experiment_date": "2025-04-09 23:05:41"
    },
    "results": {
        "160x160": {
            "0.10": [
                7.224946654983796,
                7.037105484982021,
                6.667331847012974
            ],
            "0.20": [
                15.962446791003458,
                15.354811316006817,
                15.234211034956388
            ],
            "0.40": [
                46.37202827795409,
                46.56046712200623,
                46.50882203702349
            ],
            "0.80": [
                87.31564627692569,
                87.1175580440322,
                87.02498626394663
            ]
        }
    }
}