{
    "metadata": {
        "experiment": "landscape_prop",
        "grid_size": 160,
        "seeds": [
            1,
            2,
            3
        ],
        "platform": "Linux-6.11.0-21-generic-x86_64-with-glibc2.39",
        "python_version": "3.12.3",
        "logical_cpus": 32,
        "physical_cpus": 16,
        "omp_num_threads": [
            32
        ],
        "experiment_date": "2025-04-09 23:36:17"
    },
    "results": {
        "160x160": {
            "0.10": [
                1.2690824380842969,
                1.2255854499526322,
                1.223735658917576
            ],
            "0.20": [
                1.6380577080417424,
                1.6129176950780675,
                1.6003691690275446
            ],
            "0.40": [
                2.899421461042948,
                2.882599466945976,
                2.8976110139628872
            ],
            "0.80": [
                4.444876551046036,
                4.413037664955482,
                4.420942111988552
            ]
        }
    }
}