{
    "metadata": {
        "experiment": "landscape_prop",
        "grid_size": 160,
        "seeds": [
            1,
            2,
            3
        ],
        "platform": "Linux-6.11.0-21-generic-x86_64-with-glibc2.39",
        "python_version": "3.12.3",
        "logical_cpus": 32,
        "physical_cpus": 16,
        "omp_num_threads": [
            32
        ],
        "experiment_date": "2025-04-09 23:38:35"
    },
    "results": {
        "160x160": {
            "0.10": [
                2.5314407430123538,
                1.340769735048525,
                1.2176322540035471
            ],
            "0.20": [
                1.839283972978592,
                2.513340695993975,
                1.915456217015162
            ],
            "0.40": [
                3.4259780551074073,
                3.614500664989464,
                3.575140416971408
            ],
            "0.80": [
                4.817099793930538,
                5.263272164971568,
                5.279675072059035
            ]
        }
    }
}