{
    "metadata": {
        "experiment": "landscape_prop",
        "grid_size": 160,
        "seeds": [
            1,
            2,
            3
        ],
        "platform": "Linux-6.11.0-21-generic-x86_64-with-glibc2.39",
        "python_version": "3.12.3",
        "logical_cpus": 32,
        "physical_cpus": 16,
        "omp_num_threads": [
            32
        ],
        "experiment_date": "2025-04-09 23:27:01"
    },
    "results": {
        "160x160": {
            "0.10": [
                4.164158482919447,
                3.9244798760628328,
                3.7205595129635185
            ],
            "0.20": [
                11.119936170987785,
                10.580090278061107,
                10.482588348095305
            ],
            "0.40": [
                35.401392539963126,
                35.60456909099594,
                35.4915200159885
            ],
            "0.80": [
                68.8470216790447,
                68.4742442520801,
                68.87849366210867
            ]
        }
    }
}