{
    "metadata": {
        "experiment": "cpu_scaling",
        "grid_size": 40,
        "land_prop": 0.9,
        "cpu_counts": [
            4,
            8,
            16,
            32
        ],
        "seeds": [
            1,
            2,
            3
        ],
        "platform": "Linux-6.11.0-21-generic-x86_64-with-glibc2.39",
        "python_version": "3.12.3",
        "logical_cpus": 32,
        "physical_cpus": 16,
        "omp_num_threads": [
            4,
            8,
            16,
            32
        ],
        "experiment_date": "2025-04-08 16:45:03"
    },
    "results": {
        "4": {
            "runtime": [
                5.516903253970668,
                5.452040883013979,
                5.524037990020588
            ],
            "cpu_usage": [
                5.7,
                5.8,
                5.4
            ],
            "active_cores": [
                2,
                2,
                2
            ]
        },
        "8": {
            "runtime": [
                5.467014022986405,
                5.447865615948103,
                5.529204994090833
            ],
            "cpu_usage": [
                5.5,
                5.8,
                4.9
            ],
            "active_cores": [
                2,
                2,
                2
            ]
        },
        "16": {
            "runtime": [
                5.480635995976627,
                5.436804054072127,
                5.555805484065786
            ],
            "cpu_usage": [
                5.8,
                5.3,
                6.3
            ],
            "active_cores": [
                1,
                3,
                3
            ]
        },
        "32": {
            "runtime": [
                5.510116987978108,
                5.474308451986872,
                5.507488407078199
            ],
            "cpu_usage": [
                5.5,
                5.5,
                7.2
            ],
            "active_cores": [
                1,
                1,
                1
            ]
        }
    }
}