{
    "metadata": {
        "experiment": "cpu_scaling",
        "grid_size": 40,
        "land_prop": 0.9,
        "cpu_counts": [
            4,
            8,
            16,
            32
        ],
        "seeds": [
            1,
            2,
            3
        ],
        "platform": "Linux-6.11.0-21-generic-x86_64-with-glibc2.39",
        "python_version": "3.12.3",
        "logical_cpus": 32,
        "physical_cpus": 16,
        "omp_num_threads": [
            4,
            8,
            16,
            32
        ],
        "experiment_date": "2025-04-08 16:17:36"
    },
    "results": {
        "4": {
            "runtime": [
                5.544814071035944,
                5.522155657992698,
                5.582017646054737
            ],
            "cpu_usage": [
                6.7,
                9.4,
                6.2
            ],
            "active_cores": [
                1,
                3,
                2
            ]
        },
        "8": {
            "runtime": [
                5.584010742022656,
                5.49950685899239,
                5.575954678002745
            ],
            "cpu_usage": [
                6.8,
                5.6,
                5.7
            ],
            "active_cores": [
                2,
                2,
                2
            ]
        },
        "16": {
            "runtime": [
                5.554339838097803,
                5.548997225007042,
                5.564470554003492
            ],
            "cpu_usage": [
                5.8,
                6.6,
                7.9
            ],
            "active_cores": [
                1,
                2,
                1
            ]
        },
        "32": {
            "runtime": [
                5.572107059066184,
                5.536911874078214,
                5.556140228989534
            ],
            "cpu_usage": [
                7.7,
                7.6,
                6.1
            ],
            "active_cores": [
                3,
                1,
                3
            ]
        }
    }
}