{
    "metadata": {
        "experiment": "cpu_scaling",
        "grid_size": 40,
        "land_prop": 0.9,
        "cpu_counts": [
            4,
            8,
            16,
            32
        ],
        "seeds": [
            1,
            2,
            3
        ],
        "platform": "Linux-6.11.0-21-generic-x86_64-with-glibc2.39",
        "python_version": "3.12.3",
        "logical_cpus": 32,
        "physical_cpus": 16,
        "omp_num_threads": [
            4,
            8,
            16,
            32
        ]
    },
    "results": {
        "4": [
            5.558601869968697,
            5.526786059956066,
            5.531502872006968
        ],
        "8": [
            5.5903388859005645,
            5.573348966077901,
            5.61049372900743
        ],
        "16": [
            5.549696499016136,
            5.54645708494354,
            5.5753495279932395
        ],
        "32": [
            5.586361284949817,
            5.521853088983335,
            5.565868836012669
        ]
    }
}