{
    "metadata": {
        "experiment": "cpu_scaling",
        "grid_size": 40,
        "land_prop": 0.9,
        "cpu_counts": [
            4,
            8,
            16,
            32
        ],
        "seeds": [
            1,
            2,
            3
        ],
        "platform": "Linux-6.11.0-21-generic-x86_64-with-glibc2.39",
        "python_version": "3.12.3",
        "logical_cpus": 32,
        "physical_cpus": 16,
        "omp_num_threads": [
            4,
            8,
            16,
            32
        ],
        "experiment_date": "2025-04-09 11:49:06"
    },
    "results": {
        "4": {
            "runtime": [
                5.443163207033649,
                5.4387209040578455,
                5.51689822296612
            ],
            "cpu_usage": [
                6.3,
                6.7,
                5.6
            ],
            "active_cores": [
                2,
                2,
                1
            ]
        },
        "8": {
            "runtime": [
                5.470442214049399,
                5.475500292959623,
                5.48175925493706
            ],
            "cpu_usage": [
                6.5,
                4.8,
                7.6
            ],
            "active_cores": [
                2,
                1,
                1
            ]
        },
        "16": {
            "runtime": [
                5.5203256390523165,
                5.493804365047254,
                5.5281903290888295
            ],
            "cpu_usage": [
                5.3,
                5.7,
                4.9
            ],
            "active_cores": [
                1,
                2,
                1
            ]
        },
        "32": {
            "runtime": [
                5.477952084969729,
                5.508437493001111,
                5.590497920988128
            ],
            "cpu_usage": [
                5.2,
                6.4,
                13.5
            ],
            "active_cores": [
                2,
                2,
                5
            ]
        }
    }
}