{
    "metadata": {
        "experiment": "cpu_scaling",
        "grid_size": 40,
        "land_prop": 0.9,
        "cpu_counts": [
            4,
            8,
            16,
            32
        ],
        "seeds": [
            1,
            2,
            3
        ],
        "platform": "Linux-6.11.0-21-generic-x86_64-with-glibc2.39",
        "python_version": "3.12.3",
        "logical_cpus": 32,
        "physical_cpus": 16,
        "omp_num_threads": [
            4,
            8,
            16,
            32
        ],
        "experiment_date": "2025-04-09 18:37:24"
    },
    "results": {
        "4": {
            "runtime": [
                0.3155923089943826,
                0.32374662591610104,
                0.3214767189929262
            ],
            "cpu_usage": [
                5.7,
                5.3,
                2.7
            ],
            "active_cores": [
                1,
                1,
                1
            ]
        },
        "8": {
            "runtime": [
                0.3177840549033135,
                0.31643512996379286,
                0.3196799870347604
            ],
            "cpu_usage": [
                3.9,
                2.6,
                3.3
            ],
            "active_cores": [
                2,
                1,
                2
            ]
        },
        "16": {
            "runtime": [
                0.3233154419576749,
                0.317393230041489,
                0.3259241220075637
            ],
            "cpu_usage": [
                3.2,
                4.8,
                3.3
            ],
            "active_cores": [
                1,
                1,
                1
            ]
        },
        "32": {
            "runtime": [
                0.3232932210667059,
                0.31928159308154136,
                0.32178022305015475
            ],
            "cpu_usage": [
                4.0,
                2.7,
                3.4
            ],
            "active_cores": [
                1,
                1,
                1
            ]
        }
    }
}