{
    "metadata": {
        "experiment": "cpu_scaling",
        "grid_size": 40,
        "land_prop": 0.9,
        "cpu_counts": [
            4,
            8,
            16,
            32
        ],
        "seeds": [
            1,
            2,
            3
        ],
        "platform": "Linux-6.11.0-21-generic-x86_64-with-glibc2.39",
        "python_version": "3.12.3",
        "logical_cpus": 32,
        "physical_cpus": 16,
        "omp_num_threads": [
            4,
            8,
            16,
            32
        ],
        "experiment_date": "2025-04-09 18:11:50"
    },
    "results": {
        "4": {
            "runtime": [
                0.45629711798392236,
                0.6084921760484576,
                0.4632628910476342
            ],
            "cpu_usage": [
                16.8,
                85.1,
                16.4
            ],
            "active_cores": [
                32,
                32,
                32
            ]
        },
        "8": {
            "runtime": [
                0.5103179500438273,
                0.4821950860787183,
                0.6162581669632345
            ],
            "cpu_usage": [
                77.3,
                83.7,
                86.1
            ],
            "active_cores": [
                32,
                32,
                32
            ]
        },
        "16": {
            "runtime": [
                0.4122605560114607,
                0.5930481719551608,
                0.5475331119960174
            ],
            "cpu_usage": [
                16.6,
                69.0,
                96.5
            ],
            "active_cores": [
                32,
                32,
                32
            ]
        },
        "32": {
            "runtime": [
                0.4979939730837941,
                0.6587710320018232,
                0.4368606979260221
            ],
            "cpu_usage": [
                89.8,
                93.2,
                18.6
            ],
            "active_cores": [
                32,
                32,
                32
            ]
        }
    }
}