{
    "metadata": {
        "experiment": "cpu_scaling",
        "grid_size": 40,
        "land_prop": 0.9,
        "cpu_counts": [
            4,
            8,
            16,
            32
        ],
        "seeds": [
            1,
            2,
            3
        ],
        "platform": "Linux-6.11.0-21-generic-x86_64-with-glibc2.39",
        "python_version": "3.12.3",
        "logical_cpus": 32,
        "physical_cpus": 16,
        "omp_num_threads": [
            4,
            8,
            16,
            32
        ],
        "experiment_date": "2025-04-09 16:23:22"
    },
    "results": {
        "4": {
            "runtime": [
                4.2758382729953155,
                4.286491167033091,
                4.321610054001212
            ],
            "cpu_usage": [
                4.7,
                5.2,
                4.5
            ],
            "active_cores": [
                1,
                1,
                1
            ]
        },
        "8": {
            "runtime": [
                4.321166608016938,
                4.276289787958376,
                4.325848752981983
            ],
            "cpu_usage": [
                4.9,
                5.2,
                7.5
            ],
            "active_cores": [
                1,
                2,
                2
            ]
        },
        "16": {
            "runtime": [
                4.286208422970958,
                4.264724443899468,
                4.3269238349748775
            ],
            "cpu_usage": [
                4.4,
                5.5,
                4.7
            ],
            "active_cores": [
                2,
                2,
                1
            ]
        },
        "32": {
            "runtime": [
                4.329295884002931,
                4.322486685006879,
                4.358235978987068
            ],
            "cpu_usage": [
                4.8,
                5.3,
                4.7
            ],
            "active_cores": [
                1,
                1,
                1
            ]
        }
    }
}