{
    "metadata": {
      "experiment": "grid_scaling",
      "land_prop": 0.75,
      "seeds": [
        1,
        2,
        3
      ],
      "platform": "Linux-6.11.0-21-generic-x86_64-with-glibc2.39",
      "python_version": "3.12.3",
      "logical_cpus": 32,
      "physical_cpus": 16,
      "omp_num_threads": [
        32
      ],
      "experiment_date": "2025-04-10 09:51:44"
    },
    "results": {
      "10x10": {
        "0.75": [
          0.06085950997658074,
          0.05591554311104119,
          0.056180356070399284
        ]
      },
      "20x20": {
        "0.75": [
          0.11183362500742078,
          0.1068725980585441,
          0.10738067200873047
        ]
      },
      "40x40": {
        "0.75": [
          0.3058218489168212,
          0.3088774150237441,
          0.31456751096993685
        ]
      },
      "80x80": {
        "0.75": [
          1.1028815320460126,
          1.1130592409754172,
          1.11736730101984
        ]
      },
      "160x160": {
        "0.75": [
          4.360029281000607,
          4.380513905896805,
          4.368573840940371
        ]
      },
      "320x320": {
        "0.75": [
          18.640443547978066,
          18.09156272606924,
          18.09428050101269
        ]
      },
      "640x640": {
        "0.75": [
          77.09640273707919,
          77.22884216497187,
          76.92696409695782
        ]
      },
      "1280x1280": {
        "0.75": [
          300.034396594041,
          296.9467720859684,
          295.45321897009853
        ]
      },
      "2560x2560": {
        "0.75": [
          1247.9534238870256,
          1245.0506131569855,
          1247.311349667958
        ]
      }
    }
  }
  