{
    "metadata": {
        "experiment": "grid_scaling",
        "land_prop": 0.75,
        "seeds": [
            1,
            2,
            3
        ],
        "platform": "Linux-6.11.0-21-generic-x86_64-with-glibc2.39",
        "python_version": "3.12.3",
        "logical_cpus": 32,
        "physical_cpus": 16,
        "omp_num_threads": [
            32
        ],
        "experiment_date": "2025-04-09 23:35:42"
    },
    "results": {
        "10x10": {
            "0.75": [
                0.06085950997658074,
                0.05591554311104119,
                0.056180356070399284
            ]
        },
        "20x20": {
            "0.75": [
                0.11183362500742078,
                0.1068725980585441,
                0.10738067200873047
            ]
        },
        "40x40": {
            "0.75": [
                0.3058218489168212,
                0.3088774150237441,
                0.31456751096993685
            ]
        },
        "80x80": {
            "0.75": [
                1.1028815320460126,
                1.1130592409754172,
                1.11736730101984
            ]
        },
        "160x160": {
            "0.75": [
                4.360029281000607,
                4.380513905896805,
                4.368573840940371
            ]
        }
    }
}