{
    "metadata": {
        "experiment": "grid_x_landprop_matrix",
        "seeds": [
            1,
            2,
            3
        ],
        "platform": "Linux-6.11.0-21-generic-x86_64-with-glibc2.39",
        "python_version": "3.12.3",
        "logical_cpus": 32,
        "physical_cpus": 16,
        "omp_num_threads": [
            32
        ],
        "experiment_date": "2025-04-09 23:39:54"
    },
    "results": {
        "10x10": {
            "0.10": [
                0.8076517310691997,
                0.02286135801114142,
                0.28881083300802857
            ],
            "0.20": [
                0.026321387966163456,
                0.024924361961893737,
                0.15791315003298223
            ],
            "0.40": [
                0.027492561959661543,
                0.029227063059806824,
                0.028731725993566215
            ],
            "0.80": [
                0.24650017695967108,
                0.04617300000973046,
                0.03954574291128665
            ]
        },
        "20x20": {
            "0.10": [
                0.04659072507638484,
                0.2781690889969468,
                0.03667032904922962
            ],
            "0.20": [
                0.049772493075579405,
                0.1066616999451071,
                0.045250448980368674
            ],
            "0.40": [
                0.309076271019876,
                0.064481264911592,
                0.10102074302267283
            ],
            "0.80": [
                0.4519753559725359,
                0.10108475398737937,
                0.10685595206450671
            ]
        },
        "40x40": {
            "0.10": [
                0.26484226307366043,
                0.10885737603530288,
                0.08807928208261728
            ],
            "0.20": [
                0.12075024493969977,
                0.11565157503355294,
                0.16649447102099657
            ],
            "0.40": [
                0.9682732259389013,
                0.479070044006221,
                0.2670541290426627
            ],
            "0.80": [
                0.5420163520611823,
                0.46916572796180844,
                0.3684036770137027
            ]
        },
        "80x80": {
            "0.10": [
                0.3193138010101393,
                0.3499952810816467,
                0.4579431660240516
            ],
            "0.20": [
                0.6684725329978392,
                0.4368551700608805,
                0.694468358065933
            ],
            "0.40": [
                1.3607240269193426,
                1.195379410055466,
                1.686505555990152
            ],
            "0.80": [
                1.7701536159729585,
                1.6299274630146101,
                1.702268450986594
            ]
        },
        "160x160": {
            "0.10": [
                1.372238824958913,
                1.3317986009642482,
                1.2726416380610317
            ],
            "0.20": [
                2.4237559610046446,
                1.786484531010501,
                1.8493508090032265
            ],
            "0.40": [
                3.328374529024586,
                3.7775501480791718,
                3.193491881946102
            ],
            "0.80": [
                5.194652689970098,
                5.364859819994308,
                4.904193331953138
            ]
        }
    }
}