{
    "metadata": {
        "experiment": "grid_scaling",
        "land_prop": 0.75,
        "seeds": [
            1,
            2,
            3
        ],
        "platform": "Linux-6.11.0-21-generic-x86_64-with-glibc2.39",
        "python_version": "3.12.3",
        "logical_cpus": 32,
        "physical_cpus": 16,
        "omp_num_threads": [
            32
        ],
        "experiment_date": "2025-04-09 22:57:49"
    },
    "results": {
        "10x10": {
            "0.75": [
                0.3315410250797868,
                0.3545951199484989,
                0.34368997905403376
            ]
        },
        "20x20": {
            "0.75": [
                1.3866597599117085,
                1.3372941409470513,
                1.3322083610109985
            ]
        },
        "40x40": {
            "0.75": [
                5.318924075108953,
                5.348560277023353,
                5.3934880619635805
            ]
        },
        "80x80": {
            "0.75": [
                21.695551232085563,
                21.641674328013323,
                21.510983619024046
            ]
        },
        "160x160": {
            "0.75": [
                85.77983503497671,
                86.7918235840043,
                86.1778374890564
            ]
        }
    }
}