{
    "metadata": {
        "experiment": "grid_scaling",
        "land_prop": 0.75,
        "seeds": [
            1,
            2,
            3
        ],
        "platform": "Linux-6.11.0-21-generic-x86_64-with-glibc2.39",
        "python_version": "3.12.3",
        "logical_cpus": 32,
        "physical_cpus": 16,
        "omp_num_threads": [
            32
        ],
        "experiment_date": "2025-04-09 23:37:53"
    },
    "results": {
        "10x10": {
            "0.75": [
                0.9009711010148749,
                0.2413794039748609,
                0.30428114999085665
            ]
        },
        "20x20": {
            "0.75": [
                0.10845841898117214,
                0.10319276805967093,
                0.267903784988448
            ]
        },
        "40x40": {
            "0.75": [
                0.49810688802972436,
                0.6492134670261294,
                0.3781967550748959
            ]
        },
        "80x80": {
            "0.75": [
                1.5230880320305005,
                1.543443860951811,
                1.44783539196942
            ]
        },
        "160x160": {
            "0.75": [
                5.436500173993409,
                4.886300042038783,
                5.167937080957927
            ]
        }
    }
}