{
    "metadata": {
      "experiment": "grid_scaling",
      "land_prop": 0.75,
      "seeds": [
        1,
        2,
        3
      ],
      "platform": "Linux-6.11.0-21-generic-x86_64-with-glibc2.39",
      "python_version": "3.12.3",
      "logical_cpus": 32,
      "physical_cpus": 16,
      "omp_num_threads": [
        32
      ],
      "experiment_date": "2025-04-10 11:00:08"
    },
    "results": {
      "10x10": {
        "0.75": [
          0.9009711010148749,
          0.2413794039748609,
          0.30428114999085665
        ]
      },
      "20x20": {
        "0.75": [
          0.10845841898117214,
          0.10319276805967093,
          0.267903784988448
        ]
      },
      "40x40": {
        "0.75": [
          0.49810688802972436,
          0.6492134670261294,
          0.3781967550748959
        ]
      },
      "80x80": {
        "0.75": [
          1.5230880320305005,
          1.543443860951811,
          1.44783539196942
        ]
      },
      "160x160": {
        "0.75": [
          5.436500173993409,
          4.886300042038783,
          5.167937080957927
        ]
      },
      "320x320": {
        "0.75": [
          18.032909861998633,
          16.80145148700103,
          17.20346452202648
        ]
      },
      "640x640": {
        "0.75": [
          63.08723262697458,
          63.94766756496392,
          63.30193175596651
        ]
      },
      "1280x1280": {
        "0.75": [
          249.71995980094653,
          250.85324169695377,
          249.2170833729906
        ]
      },
      "2560x2560": {
        "0.75": [
          1036.9603515489725,
          1014.3049785490148,
          1031.7474635919789
        ]
      }
    }
  }
  