{
    "metadata": {
        "experiment": "grid_scaling",
        "land_prop": 0.75,
        "seeds": [
            1,
            2,
            3
        ],
        "platform": "Linux-6.11.0-21-generic-x86_64-with-glibc2.39",
        "python_version": "3.12.3",
        "logical_cpus": 32,
        "physical_cpus": 16,
        "omp_num_threads": [
            32
        ],
        "experiment_date": "2025-04-09 23:21:01"
    },
    "results": {
        "10x10": {
            "0.75": [
                0.26368313003331423,
                0.2765344319632277,
                0.26537269994150847
            ]
        },
        "20x20": {
            "0.75": [
                1.0753358320798725,
                1.0418521339306608,
                1.0472530080005527
            ]
        },
        "40x40": {
            "0.75": [
                4.150811985949986,
                4.180646372027695,
                4.249149716924876
            ]
        },
        "80x80": {
            "0.75": [
                16.858974260976538,
                16.895966809010133,
                16.881753748981282
            ]
        },
        "160x160": {
            "0.75": [
                67.65718030999415,
                67.70800043595955,
                68.24000491201878
            ]
        }
    }
}