{
    "metadata": {
        "experiment": "grid_scaling",
        "land_prop": 0.75,
        "seeds": [
            1,
            2,
            3
        ],
        "platform": "Linux-6.11.0-21-generic-x86_64-with-glibc2.39",
        "python_version": "3.12.3",
        "logical_cpus": 32,
        "physical_cpus": 16,
        "omp_num_threads": [
            32
        ],
        "experiment_date": "2025-04-08 16:15:54"
    },
    "results": {
        "10x10": {
            "0.75": [
                0.33352023898623884,
                0.35781774390488863,
                0.3406265659723431
            ]
        },
        "20x20": {
            "0.75": [
                1.3845592200523242,
                1.3614904809510335,
                1.325743658002466
            ]
        },
        "40x40": {
            "0.75": [
                5.28191683802288,
                5.354386708000675,
                5.41412859398406
            ]
        }
    }
}