{
    "metadata": {
        "experiment": "grid_scaling",
        "land_prop": 0.75,
        "seeds": [
            1,
            2,
            3
        ],
        "platform": "Linux-6.11.0-21-generic-x86_64-with-glibc2.39",
        "python_version": "3.12.3",
        "logical_cpus": 32,
        "physical_cpus": 16,
        "omp_num_threads": [
            32
        ]
    },
    "results": {
        "10x10": {
            "0.75": [
                0.3318783229915425,
                0.3568375139730051,
                0.34707551600877196
            ]
        },
        "20x20": {
            "0.75": [
                1.3659535680199042,
                1.3445348211098462,
                1.3716894269455224
            ]
        },
        "40x40": {
            "0.75": [
                5.308687365031801,
                5.329774443991482,
                5.3957516950322315
            ]
        }
    }
}