{
    "metadata": {
        "experiment": "grid_scaling",
        "land_prop": 0.75,
        "cpu_count": 32,
        "seeds": [
            1,
            2,
            3
        ]
    },
    "results": {
        "10x10": {
            "0.75": [
                0.3388537149876356,
                0.35072207101620734,
                0.3365874669980258
            ]
        },
        "20x20": {
            "0.75": [
                1.3584279660135508,
                1.3544194570276886,
                1.3503203659784049
            ]
        },
        "40x40": {
            "0.75": [
                5.293043832061812,
                5.366207496030256,
                5.43466226302553
            ]
        }
    }
}