{
    "metadata": {
        "experiment": "grid_scaling",
        "land_prop": 0.75,
        "seeds": [
            1,
            2,
            3
        ],
        "platform": "Linux-6.11.0-21-generic-x86_64-with-glibc2.39",
        "python_version": "3.12.3",
        "logical_cpus": 32,
        "physical_cpus": 16,
        "omp_num_threads": [
            32
        ],
        "experiment_date": "2025-04-08 16:43:21"
    },
    "results": {
        "10x10": {
            "0.75": [
                0.32340091094374657,
                0.3466204860014841,
                0.3346342039294541
            ]
        },
        "20x20": {
            "0.75": [
                1.371154922991991,
                1.343072660965845,
                1.3234900090610608
            ]
        },
        "40x40": {
            "0.75": [
                5.343243240029551,
                5.317929610959254,
                5.400483913952485
            ]
        }
    }
}