{
    "metadata": {
        "experiment": "grid_scaling",
        "land_prop": 0.75,
        "seeds": [
            1,
            2,
            3
        ],
        "platform": "Linux-6.11.0-21-generic-x86_64-with-glibc2.39",
        "python_version": "3.12.3",
        "logical_cpus": 32,
        "physical_cpus": 16,
        "omp_num_threads": [
            32
        ],
        "experiment_date": "2025-04-09 11:47:24"
    },
    "results": {
        "10x10": {
            "0.75": [
                0.3227395380381495,
                0.34900619799736887,
                0.3550841200631112
            ]
        },
        "20x20": {
            "0.75": [
                1.3738217330537736,
                1.3322753619868308,
                1.3237907720031217
            ]
        },
        "40x40": {
            "0.75": [
                5.3131838160334155,
                5.378814348950982,
                5.367463774047792
            ]
        }
    }
}