{
    "metadata": {
        "experiment": "grid_scaling",
        "land_prop": 0.75,
        "seeds": [
            1,
            2,
            3
        ],
        "platform": "Linux-6.11.0-21-generic-x86_64-with-glibc2.39",
        "python_version": "3.12.3",
        "logical_cpus": 32,
        "physical_cpus": 16,
        "omp_num_threads": [
            32
        ],
        "experiment_date": "2025-04-10 11:53:30"
    },
    "results": {
        "10x10": {
            "0.75": [
                0.055194873944856226,
                0.05589417298324406,
                0.05565991089679301
            ]
        },
        "20x20": {
            "0.75": [
                0.10541406692937016,
                0.10603679402265698,
                0.10388230800163001
            ]
        },
        "40x40": {
            "0.75": [
                0.2927979399682954,
                0.2986043910495937,
                0.30278372298926115
            ]
        },
        "80x80": {
            "0.75": [
                1.0671105670044199,
                1.0529257300077006,
                1.0633261089678854
            ]
        },
        "160x160": {
            "0.75": [
                4.193744136020541,
                4.107074948959053,
                4.103193546994589
            ]
        }
    }
}