{
    "metadata": {
        "experiment": "grid_scaling",
        "land_prop": 0.75,
        "seeds": [
            1,
            2,
            3
        ],
        "platform": "Linux-6.11.0-21-generic-x86_64-with-glibc2.39",
        "python_version": "3.12.3",
        "logical_cpus": 32,
        "physical_cpus": 16,
        "omp_num_threads": [
            32
        ],
        "experiment_date": "2025-04-09 20:22:35"
    },
    "results": {
        "10x10": {
            "0.75": [
                0.8340407880023122,
                0.061916089965961874,
                0.052453069016337395
            ]
        },
        "20x20": {
            "0.75": [
                0.1136181999463588,
                0.23885941703338176,
                0.19536713499110192
            ]
        },
        "40x40": {
            "0.75": [
                0.6978448419831693,
                0.3873382789315656,
                0.6512602920411155
            ]
        },
        "80x80": {
            "0.75": [
                1.6830110539449379,
                1.7305378130404279,
                2.4938514679670334
            ]
        },
        "160x160": {
            "0.75": [
                5.2541529620066285,
                5.257946850033477,
                5.316759196924977
            ]
        },
        "320x320": {
            "0.75": [
                17.192693746066652,
                17.194401384098455,
                16.574730815947987
            ]
        }
    }
}