{
    "metadata": {
        "experiment": "grid_scaling",
        "land_prop": 0.75,
        "seeds": [
            1,
            2,
            3
        ],
        "platform": "Linux-6.11.0-21-generic-x86_64-with-glibc2.39",
        "python_version": "3.12.3",
        "logical_cpus": 32,
        "physical_cpus": 16,
        "omp_num_threads": [
            32
        ],
        "experiment_date": "2025-04-09 16:22:02"
    },
    "results": {
        "10x10": {
            "0.75": [
                0.25274953490588814,
                0.2742170930141583,
                0.26378550194203854
            ]
        },
        "20x20": {
            "0.75": [
                1.0630130210192874,
                1.0410720970248803,
                1.0321652529528365
            ]
        },
        "40x40": {
            "0.75": [
                4.15626463398803,
                4.163810391910374,
                4.194836071925238
            ]
        }
    }
}