{
    "metadata": {
        "experiment": "grid_scaling",
        "land_prop": 0.75,
        "seeds": [
            1,
            2,
            3
        ],
        "platform": "Linux-6.11.0-21-generic-x86_64-with-glibc2.39",
        "python_version": "3.12.3",
        "logical_cpus": 32,
        "physical_cpus": 16,
        "omp_num_threads": [
            32
        ],
        "experiment_date": "2025-04-09 20:24:21"
    },
    "results": {
        "10x10": {
            "0.75": [
                0.06965534202754498,
                0.05906633706763387,
                0.056111112935468554
            ]
        },
        "20x20": {
            "0.75": [
                0.10964960395358503,
                0.10738759790547192,
                0.11229316599201411
            ]
        },
        "40x40": {
            "0.75": [
                0.3159888000227511,
                0.31405143707524985,
                0.3202988310949877
            ]
        },
        "80x80": {
            "0.75": [
                1.1343563320115209,
                1.1246266359230503,
                1.1224223299650475
            ]
        },
        "160x160": {
            "0.75": [
                4.4139196599135175,
                4.433713965001516,
                4.4263896100455895
            ]
        },
        "320x320": {
            "0.75": [
                18.870861556963064,
                18.237031758064404,
                18.176779179018922
            ]
        }
    }
}