{
    "metadata": {
        "experiment": "grid_x_landprop_matrix",
        "seeds": [
            1,
            2,
            3
        ],
        "platform": "Linux-6.11.0-21-generic-x86_64-with-glibc2.39",
        "python_version": "3.12.3",
        "logical_cpus": 32,
        "physical_cpus": 16,
        "omp_num_threads": [
            32
        ],
        "experiment_date": "2025-04-09 23:16:26"
    },
    "results": {
        "10x10": {
            "0.10": [
                0.04925966705195606,
                0.03838645701762289,
                0.04890432197134942
            ],
            "0.20": [
                0.04211552196647972,
                0.05215930100530386,
                0.07614885701332241
            ],
            "0.40": [
                0.12115596293006092,
                0.1217327699996531,
                0.13046449492685497
            ],
            "0.80": [
                0.35240592702757567,
                0.346662889001891,
                0.3387179529527202
            ]
        },
        "20x20": {
            "0.10": [
                0.16521761799231172,
                0.1359064900316298,
                0.12407577701378614
            ],
            "0.20": [
                0.2766018940601498,
                0.2845207890495658,
                0.2576589279342443
            ],
            "0.40": [
                0.7993054499384016,
                0.6711088420124725,
                0.6366242619697005
            ],
            "0.80": [
                1.4000441649695858,
                1.3471157120075077,
                1.3696656009415165
            ]
        },
        "40x40": {
            "0.10": [
                0.4980580529663712,
                0.45402983704116195,
                0.4483421699842438
            ],
            "0.20": [
                0.9220981210237369,
                0.9258659560000524,
                0.9726655040867627
            ],
            "0.40": [
                2.6748742549680173,
                2.6343287110794336,
                3.059953300980851
            ],
            "0.80": [
                5.38979265303351,
                5.415061526931822,
                5.446874214103445
            ]
        },
        "80x80": {
            "0.10": [
                1.8802157810423523,
                1.707828136975877,
                1.6922875619493425
            ],
            "0.20": [
                3.896039095008746,
                3.756262209964916,
                3.604384441045113
            ],
            "0.40": [
                11.539087100070901,
                11.317836152971722,
                11.835261104046367
            ],
            "0.80": [
                21.776146126911044,
                21.94399878103286,
                21.774739722022787
            ]
        },
        "160x160": {
            "0.10": [
                7.188294403022155,
                6.873677796917036,
                6.646226417971775
            ],
            "0.20": [
                15.907639464945532,
                15.219948226003908,
                14.937604931998067
            ],
            "0.40": [
                46.339901020983234,
                46.319397574989125,
                46.570793046965264
            ],
            "0.80": [
                86.93386072700378,
                87.03125639702193,
                87.33022086205892
            ]
        }
    }
}