{
    "metadata": {
        "experiment": "grid_x_landprop_matrix",
        "seeds": [
            1,
            2,
            3
        ],
        "platform": "Linux-6.11.0-21-generic-x86_64-with-glibc2.39",
        "python_version": "3.12.3",
        "logical_cpus": 32,
        "physical_cpus": 16,
        "omp_num_threads": [
            32
        ],
        "experiment_date": "2025-04-09 23:37:24"
    },
    "results": {
        "10x10": {
            "0.10": [
                0.04956525994930416,
                0.04458804102614522,
                0.04455214098561555
            ],
            "0.20": [
                0.04400544404052198,
                0.044493690016679466,
                0.04564073297660798
            ],
            "0.40": [
                0.04743002401664853,
                0.04746163391973823,
                0.04768615704961121
            ],
            "0.80": [
                0.05571898107882589,
                0.055913203046657145,
                0.05581749195698649
            ]
        },
        "20x20": {
            "0.10": [
                0.06034341501072049,
                0.059786218916997313,
                0.05905265000183135
            ],
            "0.20": [
                0.06512993108481169,
                0.06590917997527868,
                0.06437947298400104
            ],
            "0.40": [
                0.08863269607536495,
                0.08515653503127396,
                0.08378762903157622
            ],
            "0.80": [
                0.1117170249344781,
                0.10941150807775557,
                0.11104144691489637
            ]
        },
        "40x40": {
            "0.10": [
                0.11939414497464895,
                0.1189434400293976,
                0.1164305309066549
            ],
            "0.20": [
                0.1367972189327702,
                0.13740406592842191,
                0.1385550790000707
            ],
            "0.40": [
                0.21097376593388617,
                0.2093318069819361,
                0.22614888299722224
            ],
            "0.80": [
                0.31532044603955,
                0.3208369709318504,
                0.31792965601198375
            ]
        },
        "80x80": {
            "0.10": [
                0.3416409130441025,
                0.3291920480551198,
                0.3284651800058782
            ],
            "0.20": [
                0.416676041088067,
                0.4141441910760477,
                0.4090643220115453
            ],
            "0.40": [
                0.7355347690172493,
                0.7266727349488065,
                0.7472304560942575
            ],
            "0.80": [
                1.1166122839786112,
                1.1228073870297521,
                1.1255187490023673
            ]
        },
        "160x160": {
            "0.10": [
                1.2649039489915594,
                1.2528720089467242,
                1.2433036080328748
            ],
            "0.20": [
                1.6360488610807806,
                1.6238212189637125,
                1.6261093859793618
            ],
            "0.40": [
                2.910580549039878,
                2.9103628679877147,
                2.8960757239256054
            ],
            "0.80": [
                4.477372701978311,
                4.449596741003916,
                4.444166532019153
            ]
        }
    }
}