{
    "metadata": {
        "experiment": "grid_x_landprop_matrix",
        "seeds": [
            1,
            2,
            3
        ],
        "platform": "Linux-6.11.0-21-generic-x86_64-with-glibc2.39",
        "python_version": "3.12.3",
        "logical_cpus": 32,
        "physical_cpus": 16,
        "omp_num_threads": [
            32
        ],
        "experiment_date": "2025-04-09 23:35:18"
    },
    "results": {
        "10x10": {
            "0.10": [
                0.03434193308930844,
                0.02601154788862914,
                0.03378184698522091
            ],
            "0.20": [
                0.0281467919703573,
                0.036172974039800465,
                0.05482464795932174
            ],
            "0.40": [
                0.09136274491902441,
                0.0909955200040713,
                0.09837301599327475
            ],
            "0.80": [
                0.2615901929093525,
                0.27781635895371437,
                0.2661348159890622
            ]
        },
        "20x20": {
            "0.10": [
                0.106589540024288,
                0.08561609894968569,
                0.07364808209240437
            ],
            "0.20": [
                0.19529922504443675,
                0.20274055004119873,
                0.17928701208438724
            ],
            "0.40": [
                0.6208348160143942,
                0.5110645309323445,
                0.4906464370433241
            ],
            "0.80": [
                1.0892792500089854,
                1.048031928949058,
                1.0715444289380684
            ]
        },
        "40x40": {
            "0.10": [
                0.2943441809620708,
                0.259353689965792,
                0.25409614900127053
            ],
            "0.20": [
                0.6298483130522072,
                0.6315479519544169,
                0.6705968100577593
            ],
            "0.40": [
                2.050851762993261,
                2.019884671084583,
                2.3675477880751714
            ],
            "0.80": [
                4.220611282042228,
                4.255376092041843,
                4.278275547083467
            ]
        },
        "80x80": {
            "0.10": [
                1.1161115600261837,
                0.9656026449520141,
                0.944904268020764
            ],
            "0.20": [
                2.68105138593819,
                2.6307635840494186,
                2.502234595012851
            ],
            "0.40": [
                8.77327431505546,
                8.73409524501767,
                9.07070274290163
            ],
            "0.80": [
                16.940988022019155,
                17.173916821950115,
                17.009578271070495
            ]
        },
        "160x160": {
            "0.10": [
                4.151382450014353,
                3.901060314034112,
                3.6882776690181345
            ],
            "0.20": [
                11.116853785933927,
                10.52572587004397,
                10.372843323042616
            ],
            "0.40": [
                35.4259518730687,
                35.39125248603523,
                35.44521562603768
            ],
            "0.80": [
                68.59685854800045,
                68.50339549803175,
                68.403389967978
            ]
        }
    }
}